,Crop_names,Crop_1_yield_sole,Crop_2_yield_sole,Crop_1_yield_intercropped,Crop_2_yield_intercropped,LER_tot
0,Maize/millet,9.14,5.77,5.21,2.29,0.97
1,Maize/millet,9.14,5.77,6.21,2.18,1.06
2,Maize/soybean,9.14,2.67,7.6,1.0,1.2
3,Maize/soybean,5.74,1.86,3.16,1.05,1.12
4,Maize/soybean,9.79,2.26,8.5,1.69,1.62
5,Maize/soybean,9.79,2.26,8.39,1.79,1.65
6,Maize/soybean,9.56,2.4,8.34,1.8,1.62
7,Maize/soybean,9.56,2.4,8.15,1.95,1.66
8,Maize/wheat,4.86,9.75,3.55,7.61,1.51
9,Maize/wheat,5.47,10.87,3.83,8.48,1.48
10,Wheat/faba bean,4.1,2.9,2.06,1.46,1.01
11,Wheat/faba bean,4.38,2.32,2.11,1.54,1.14
12,Wheat/faba bean,3.85,2.76,2.47,1.61,1.22
13,Wheat/faba bean,2.95,3.35,2.13,1.68,1.22
14,Maize/wheat,6.97,12.8,3.88,8.3,1.2
15,Maize/wheat,6.97,12.8,3.93,9.26,1.29
16,Maize/wheat,7.02,12.82,4.44,8.53,1.3
17,Maize/wheat,7.02,12.82,4.8,9.94,1.46
18,Wheat/faba bean,6.19,5.15,4.59,1.69,1.07
19,Wheat/faba bean,3.95,4.75,3.24,1.5,1.14
20,Wheat/faba bean,6.28,5.0,4.7,1.88,1.12
21,Wheat/faba bean,6.04,4.35,4.74,1.53,1.14
22,Wheat/faba bean,6.25,4.31,4.75,1.99,1.22
23,Wheat/faba bean,3.66,4.93,3.86,1.64,1.39
24,Maize/peanut,10.17,3.69,9.25,0.83,1.14
25,Maize/peanut,11.54,4.1,9.96,1.28,1.17
26,Maize/soybean,8.25,3.33,5.94,1.23,1.09
27,Maize/soybean,8.25,3.33,5.52,2.03,1.28
28,Maize/soybean,8.25,3.33,5.96,1.94,1.3
29,Maize/soybean,7.26,2.16,2.66,1.57,1.09
30,Maize/soybean,7.26,2.16,5.13,0.9,1.12
31,Maize/soybean,7.26,2.16,5.44,0.81,1.13
32,Maize/soybean,7.26,2.16,5.85,0.87,1.21
33,Maize/soybean,7.26,2.16,4.47,1.31,1.22
34,Maize/soybean,7.26,2.16,4.94,1.18,1.23
35,Maize/soybean,9.57,2.44,8.69,1.43,1.49
36,Maize/soybean,9.57,2.44,6.99,1.91,1.51
37,Maize/soybean,10.44,3.68,12.87,1.0,1.51
38,Maize/soybean,10.44,3.68,13.26,2.0,1.81
39,Maize/peanut,13.47,4.05,10.63,1.25,1.1
40,Maize/peanut,7.33,4.83,5.29,2.21,1.18
41,Maize/peanut,7.33,4.83,4.38,3.31,1.28
42,Maize/peanut,7.33,4.83,3.79,3.8,1.3
43,Maize/peanut,7.33,4.83,5.91,1.32,1.08
44,Sesame/peanut,2.55,7.79,0.86,6.48,1.17
45,Oilseed rape/faba bean,0.4,8.72,0.36,2.48,1.17
46,Oilseed rape/faba bean,3.13,10.52,3.53,3.49,1.46
47,Oilseed rape/faba bean,3.23,10.52,3.63,3.55,1.46
48,Oilseed rape/faba bean,2.37,10.52,3.2,3.34,1.67
49,Maize/pea,2.25,12.91,1.51,7.8,1.28
50,Maize/pea,2.25,9.4,1.39,8.92,1.56
51,Maize/pea,2.25,10.88,1.52,9.48,1.55
52,Maize/pea,2.25,11.78,1.5,10.12,1.53
53,Maize/pea,2.25,11.95,1.59,9.84,1.53
54,Maize/peanut,7.23,5.46,6.62,1.84,1.25
55,Maize/peanut,7.78,5.48,6.79,2.46,1.32
56,Maize/peanut,9.33,5.99,7.06,2.07,1.1
57,Maize/peanut,10.52,6.16,9.0,2.16,1.21
58,Maize/mung bean,7.49,1.09,9.1,0.64,1.8
59,Maize/mung bean,7.49,1.09,3.18,1.13,1.46
60,Maize/mung bean,7.49,1.09,4.34,0.38,0.93
61,Maize/mung bean,7.49,1.09,2.88,0.66,0.99
62,Maize/mung bean,7.49,1.09,5.03,0.28,0.93
63,Maize/mung bean,7.49,1.09,5.52,0.24,0.96
64,Maize/soybean,10.09,2.33,10.01,0.34,1.14
65,Maize/soybean,10.09,2.33,8.16,0.23,0.91
66,Maize/soybean,10.09,2.33,8.06,0.62,1.07
67,Maize/soybean,10.09,2.33,7.51,0.53,0.97
68,Maize/soybean,10.09,2.33,7.06,1.19,1.21
69,Maize/soybean,10.09,2.33,8.85,0.79,1.21
70,Maize/soybean,10.09,2.33,5.04,1.11,0.98
71,Maize/pea,7.76,3.02,4.79,1.37,1.07
72,Maize/pea,7.76,3.02,4.22,1.62,1.08
73,Maize/pea,12.09,3.77,8.93,2.61,1.43
74,Maize/pea,12.23,3.66,9.42,2.52,1.46
75,Maize/pea,12.09,3.77,10.43,2.39,1.5
76,Maize/pea,12.23,3.66,10.95,2.44,1.56
77,Wheat/faba bean,5.26,5.74,2.8,2.89,1.04
78,Wheat/faba bean,6.45,5.11,4.19,2.68,1.17
79,Maize/wheat,5.26,15.23,3.25,10.22,1.29
80,Maize/faba bean,11.62,5.11,8.11,3.36,1.36
81,Maize/faba bean,15.23,5.74,11.12,3.37,1.32
82,Maize/wheat,6.45,11.62,4.07,8.68,1.38
83,Maize/wheat,3.44,6.47,2.36,4.0,1.31
84,Maize/wheat,3.93,11.19,2.32,8.16,1.32
85,Maize/wheat,2.92,14.19,1.85,11.54,1.44
86,Maize/wheat,3.08,12.83,1.86,11.33,1.49
87,Maize/wheat,2.91,13.28,2.05,10.92,1.53
88,Maize/barley,8.94,12.82,6.09,4.84,1.06
89,Maize/barley,8.94,12.73,4.85,7.26,1.11
90,Maize/barley,8.94,13.69,4.76,9.51,1.23
91,Maize/barley,8.94,13.71,5.82,9.14,1.32
92,Maize/wheat,6.97,10.95,3.88,7.3,1.22
93,Maize/wheat,6.55,10.29,3.66,7.1,1.25
94,Maize/wheat,6.83,11.02,3.78,7.96,1.28
95,Maize/chickpea,13.65,4.65,7.8,1.26,0.84
96,Maize/chickpea,11.54,5.05,7.2,1.43,0.91
97,Maize/chickpea,11.26,3.66,7.35,1.49,1.06
98,Maize/wheat,7.17,8.61,4.22,6.62,1.36
99,Maize/wheat,5.6,7.86,4.19,5.44,1.44
100,Maize/wheat,6.07,8.3,4.39,6.55,1.51
101,Maize/wheat,5.62,10.25,3.4,7.09,1.3
102,Maize/wheat,5.71,10.48,3.67,7.42,1.35
103,Maize/wheat,5.98,11.19,3.98,7.94,1.38
104,Maize/wheat,6.97,10.95,3.88,7.3,1.22
105,Maize/wheat,6.55,10.29,3.66,7.1,1.25
106,Maize/wheat,6.83,11.02,3.78,7.96,1.28
107,Maize/wheat,7.37,10.56,4.59,9.97,1.57
108,Maize/wheat,7.28,10.23,4.5,9.83,1.58
109,Rice/peanut,4.66,2.57,3.7,1.47,1.37
110,Rice/peanut,4.23,2.61,3.67,1.42,1.41
111,Maize/faba bean,8.28,5.26,5.95,2.17,1.13
112,Maize/faba bean,9.28,5.01,7.26,2.73,1.33
113,Pea/faba bean,3.78,5.01,2.09,2.3,1.01
114,Maize/wheat,6.93,19.0,3.93,8.89,1.03
115,Maize/wheat,6.13,16.5,3.6,7.73,1.06
116,Maize/wheat,7.0,19.81,4.17,10.15,1.11
117,Maize/wheat,5.17,13.8,3.35,5.02,1.01
118,Maize/wheat,6.06,14.4,3.51,6.75,1.05
119,Maize/wheat,6.08,14.45,4.25,7.21,1.2
120,Maize/wheat,12.68,6.09,7.4,3.52,1.16
121,Maize/pea,12.68,2.9,8.45,1.68,1.24
122,Maize/wheat,11.85,6.55,7.4,3.93,1.22
123,Maize/pea,11.85,2.85,8.65,1.62,1.3
124,Maize/pea,10.64,2.73,8.81,1.79,1.48
125,Maize/wheat,10.64,6.76,8.12,4.28,1.4
126,Maize/wheat,5.5,12.2,3.89,6.14,1.21
127,Maize/wheat,4.7,10.8,4.03,6.71,1.48
128,Maize/wheat,5.2,8.6,3.5,7.75,1.57
129,Maize/wheat,5.9,12.9,4.42,8.89,1.44
130,Wheat/soybean,5.8,1.5,5.55,0.38,1.21
131,Wheat/soybean,6.4,1.6,6.23,0.45,1.25
132,Maize/barley,5.2,8.8,3.41,2.11,0.9
133,Maize/barley,6.1,13.0,3.84,4.68,0.99
134,Maize/barley,6.7,12.5,3.79,5.53,1.01
135,Maize/barley,6.0,11.2,4.45,3.63,1.07
136,Maize/wheat,6.0,12.5,3.51,6.0,1.06
137,Maize/wheat,5.5,12.9,3.41,6.0,1.09
138,Maize/wheat,4.1,8.8,2.61,4.42,1.14
139,Maize/faba bean,5.6,11.2,2.4,7.67,1.11
140,Maize/wheat,4.6,13.0,3.22,5.89,1.15
141,Maize/wheat,4.3,11.2,3.13,5.47,1.22
142,Maize/faba bean,5.1,12.9,2.57,9.0,1.2
143,Maize/faba bean,3.9,8.8,2.4,6.2,1.32
144,Maize/faba bean,4.7,12.5,2.47,9.13,1.26
145,Maize/faba bean,3.9,13.0,2.6,8.07,1.29
146,Maize/barley,5.7,12.9,4.69,6.21,1.3
147,Maize/barley,6.9,11.2,4.78,4.32,1.08
148,Maize/wheat,5.0,11.2,3.27,5.37,1.13
149,Maize/faba bean,2.6,11.2,1.17,8.53,1.21
150,Maize/faba bean,2.7,11.7,1.37,8.93,1.27
151,Maize/wheat,5.3,11.7,3.74,6.53,1.26
152,Maize/barley,7.9,11.7,5.59,6.95,1.3
153,Maize/pea,11.1,1.57,6.5,0.91,1.17
154,Maize/pea,12.3,1.57,8.1,1.09,1.35
155,Maize/pea,12.3,1.57,10.3,0.84,1.37
156,Maize/pea,11.1,1.57,10.6,0.79,1.46
157,Maize/pea,15.6,1.86,11.3,1.13,1.33
158,Maize/pea,15.6,1.86,9.2,1.43,1.36
159,Maize/pea,17.4,1.86,12.7,1.13,1.34
160,Maize/pea,17.4,1.86,11.2,1.35,1.37
161,Maize/wheat,5.71,10.76,4.01,6.37,1.29
162,Maize/wheat,5.71,10.48,3.67,7.42,1.35
163,Maize/wheat,6.97,11.0,3.93,5.88,1.1
164,Maize/wheat,6.97,10.95,3.88,7.3,1.22
165,Maize/wheat,5.54,10.34,3.58,6.7,1.29
166,Maize/wheat,5.54,10.74,3.48,7.48,1.32
167,Maize/wheat,6.45,16.11,3.72,8.81,1.12
168,Maize/wheat,6.45,16.11,4.36,8.98,1.23
169,Maize/wheat,6.15,13.17,3.66,7.05,1.13
170,Maize/wheat,6.15,13.17,4.25,7.14,1.23
171,Maize/oilseed rape,1.3,12.4,0.64,5.49,0.94
172,Maize/oilseed rape,1.2,12.8,0.73,5.83,1.06
173,Maize/oilseed rape,1.1,12.5,0.73,5.2,1.08
174,Maize/chickpea,4.3,12.8,2.14,7.66,1.1
175,Maize/faba bean,2.6,12.4,1.37,8.69,1.23
176,Maize/chickpea,4.1,12.4,2.31,8.29,1.23
177,Maize/faba bean,2.8,12.5,1.67,8.23,1.26
178,Maize/chickpea,3.6,12.5,2.19,8.0,1.25
179,Maize/faba bean,2.2,12.8,1.37,8.51,1.29
180,Maize/soybean,2.9,13.6,0.81,8.97,0.94
181,Maize/soybean,3.0,13.6,0.77,11.09,1.07
182,Maize/soybean,2.8,13.5,0.81,11.49,1.14
183,Maize/chickpea,3.3,13.6,1.33,10.17,1.15
184,Maize/turnip,1.0,13.6,0.51,9.6,1.22
185,Maize/faba bean,2.4,13.6,1.11,10.11,1.21
186,Maize/chickpea,3.2,13.6,1.24,11.03,1.2
187,Maize/turnip,0.9,13.5,0.43,11.09,1.3
188,Maize/faba bean,1.9,13.5,0.86,11.26,1.28
189,Maize/chickpea,3.1,13.5,1.29,11.54,1.27
190,Maize/faba bean,1.7,13.6,0.94,10.69,1.34
191,Maize/turnip,0.7,13.6,0.43,11.26,1.44
192,Maize/soybean,2.3,12.8,0.73,9.37,1.05
193,Maize/soybean,2.3,14.6,0.69,11.83,1.11
194,Maize/soybean,2.4,12.9,0.99,10.34,1.21
195,Maize/faba bean,2.0,14.6,1.29,8.51,1.23
196,Maize/turnip,1.3,12.8,0.6,10.63,1.29
197,Maize/chickpea,2.7,12.8,1.59,8.8,1.27
198,Maize/turnip,1.6,12.9,0.77,10.51,1.3
199,Maize/turnip,1.4,14.6,0.77,10.69,1.28
200,Maize/faba bean,1.8,12.8,1.16,8.63,1.32
201,Maize/faba bean,2.7,12.9,1.63,9.31,1.33
202,Maize/chickpea,3.4,12.9,1.97,9.77,1.34
203,Maize/chickpea,2.8,14.6,1.93,9.89,1.37
204,Maize/soybean,2.41,10.19,1.2,4.7,0.96
205,Maize/soybean,2.41,10.19,1.14,5.52,1.01
206,Maize/soybean,2.41,10.19,1.06,6.59,1.09
207,Maize/soybean,2.41,10.19,1.0,7.27,1.13
208,Maize/wheat,6.01,8.44,4.36,6.23,1.46
209,Maize/wheat,6.01,8.44,3.36,5.42,1.2
210,Maize/wheat,6.01,8.44,4.11,5.98,1.39
211,Maize/wheat,6.72,10.97,3.98,7.16,1.24
212,Maize/wheat,6.72,10.97,3.69,6.07,1.1
213,Maize/wheat,6.72,10.97,3.81,6.69,1.18
214,Maize/wheat,7.03,13.68,5.17,11.76,1.6
215,Maize/wheat,7.03,13.68,3.8,10.93,1.34
216,Maize/wheat,7.03,13.68,4.32,10.82,1.41
217,Maize/soybean,1.96,8.45,0.48,9.13,1.33
218,Maize/soybean,1.96,8.45,1.06,7.42,1.42
219,Maize/soybean,1.96,8.45,0.86,8.41,1.43
220,Maize/soybean,1.96,8.45,1.29,8.33,1.64
221,Maize/soybean,1.38,6.07,0.92,5.22,1.52
222,Maize/soybean,1.38,6.07,0.71,6.33,1.56
223,Maize/soybean,1.38,6.07,1.06,5.8,1.73
224,Maize/soybean,1.38,6.07,1.52,5.87,2.07
225,Maize/soybean,1.99,6.45,0.82,6.31,1.39
226,Maize/soybean,1.99,6.45,1.08,6.11,1.49
227,Maize/soybean,1.99,6.45,1.47,5.04,1.52
228,Maize/soybean,1.99,6.45,1.4,5.72,1.59
229,Maize/soybean,1.85,6.31,0.73,6.05,1.35
230,Maize/soybean,1.85,6.31,1.14,5.86,1.54
231,Maize/soybean,1.85,6.31,1.4,5.1,1.56
232,Maize/soybean,1.85,6.31,1.35,5.57,1.61
233,Maize/faba bean,3.58,6.85,1.94,4.32,1.17
234,Maize/faba bean,3.49,7.21,1.98,5.85,1.38
235,Maize/faba bean,3.48,8.97,1.88,7.93,1.42
236,Maize/faba bean,3.84,10.82,1.82,8.57,1.26
237,Maize/faba bean,3.4,12.2,1.89,8.95,1.29
238,Maize/faba bean,3.88,7.76,2.4,5.28,1.3
239,Maize/faba bean,5.55,9.67,2.4,6.85,1.14
240,Maize/faba bean,3.9,11.02,2.6,6.75,1.28
241,Maize/faba bean,5.12,10.97,2.56,9.07,1.33
242,Maize/faba bean,4.72,10.45,2.45,7.82,1.27
243,Maize/soybean,2.21,12.18,1.41,6.72,1.19
244,Maize/soybean,2.15,11.77,1.61,6.57,1.31
245,Maize/soybean,2.36,9.8,1.93,8.11,1.65
246,Maize/soybean,2.36,9.8,1.79,9.33,1.71
247,Maize/faba bean,2.97,9.18,2.25,4.49,1.25
248,Maize/faba bean,2.25,7.26,1.79,3.89,1.33
249,Maize/faba bean,2.24,8.76,1.32,6.89,1.38
250,Maize/faba bean,1.81,9.95,1.34,6.93,1.43
251,Maize/faba bean,2.07,7.67,1.48,6.34,1.54
252,Wheat/pea,5.45,1.59,3.02,0.94,1.14
253,Wheat/pea,5.45,1.59,4.13,0.63,1.15
254,Wheat/pea,5.45,1.59,2.31,1.18,1.17
255,Wheat/pea,4.72,1.46,1.88,1.01,1.09
256,Wheat/pea,4.72,1.46,3.66,0.53,1.14
257,Wheat/pea,4.72,1.46,2.69,0.89,1.18
258,Maize/wheat,3.47,11.23,1.64,7.45,1.14
259,Maize/wheat,3.47,11.23,1.73,9.79,1.37
260,Maize/wheat,3.47,11.23,1.81,10.98,1.5
261,Maize/wheat,3.47,11.23,1.63,10.44,1.4
262,Maize/wheat,3.47,11.23,1.91,8.35,1.29
263,Wheat/faba bean,6.17,6.09,4.51,1.2,0.93
264,Wheat/faba bean,8.21,5.32,6.03,1.38,0.99
265,Maize/faba bean,5.32,13.33,3.33,8.02,1.23
266,Maize/faba bean,6.09,10.85,3.66,7.21,1.27
267,Maize/soybean,1.81,16.69,0.13,10.03,0.68
268,Maize/soybean,1.91,7.34,0.19,6.14,0.94
269,Maize/faba bean,1.74,10.83,0.78,6.61,1.06
270,Maize/faba bean,2.01,13.62,1.04,7.93,1.1
271,Maize/pea,3.7,7.34,1.77,5.19,1.18
272,Maize/wheat,5.75,13.62,2.77,8.93,1.14
273,Maize/pea,3.66,16.69,1.72,11.68,1.17
274,Maize/faba bean,4.21,16.69,2.03,11.65,1.18
275,Maize/faba bean,1.23,7.48,0.95,5.26,1.48
276,Maize/wheat,5.42,10.83,3.27,7.2,1.27
277,Maize/wheat,3.97,7.48,3.05,4.87,1.42
278,Maize/faba bean,3.68,7.34,2.3,6.42,1.5
279,Maize/wheat,5.73,13.54,3.2,3.12,0.79
280,Maize/wheat,5.85,13.54,3.48,3.5,0.85
281,Maize/wheat,6.19,13.54,4.07,3.1,0.89
282,Maize/wheat,6.3,13.54,4.09,3.38,0.9
283,Maize/wheat,6.31,13.54,3.84,4.72,0.96
284,Maize/wheat,5.03,13.54,3.29,4.27,0.97
285,Maize/wheat,7.56,12.16,4.4,7.23,1.18
286,Maize/wheat,7.37,12.16,4.37,7.12,1.18
287,Maize/wheat,6.65,12.16,4.4,7.01,1.24
288,Maize/wheat,7.04,12.16,4.69,6.99,1.24
289,Maize/wheat,7.64,12.16,5.04,7.06,1.24
290,Maize/wheat,6.75,12.16,4.6,7.32,1.28
291,Maize/faba bean,3.71,10.72,1.75,6.26,1.06
292,Maize/faba bean,3.89,10.99,2.19,6.68,1.17
293,Maize/faba bean,3.95,12.64,2.64,6.89,1.21
294,Maize/faba bean,3.58,8.79,2.06,6.61,1.33
295,Maize/faba bean,3.87,11.61,2.24,8.54,1.31
296,Maize/faba bean,3.93,11.61,2.56,9.0,1.43
297,Maize/faba bean,3.55,8.79,2.34,7.98,1.57
298,Maize/chickpea,6.13,9.78,1.42,7.42,0.99
299,Maize/chickpea,5.97,9.39,1.37,7.45,1.02
300,Maize/oilseed rape,0.81,9.39,0.49,4.24,1.06
301,Maize/chickpea,6.79,9.2,1.06,8.12,1.04
302,Maize/oilseed rape,0.86,9.78,0.48,4.97,1.07
303,Maize/soybean,3.47,9.2,1.06,7.45,1.12
304,Maize/soybean,3.66,9.39,1.16,7.61,1.13
305,Maize/oilseed rape,0.73,9.2,0.53,4.02,1.17
306,Maize/soybean,4.02,9.78,1.22,8.13,1.13
307,Maize/faba bean,2.08,9.78,1.39,5.1,1.19
308,Maize/faba bean,2.08,9.39,1.54,4.71,1.24
309,Maize/faba bean,2.11,9.2,1.58,4.89,1.28
310,Wheat/faba bean,7.27,4.14,3.85,1.77,0.96
311,Wheat/faba bean,7.27,4.14,4.1,1.76,0.99
312,Wheat/faba bean,6.82,4.69,4.74,1.43,1.0
313,Wheat/faba bean,6.82,4.69,4.78,1.73,1.07
314,Wheat/faba bean,3.9,4.26,3.09,1.55,1.16
315,Wheat/faba bean,3.9,4.26,3.22,1.55,1.19
316,Wheat/faba bean,5.46,2.21,3.75,0.29,0.82
317,Wheat/faba bean,6.35,2.08,4.71,0.24,0.86
318,Wheat/faba bean,6.35,2.08,4.73,0.32,0.9
319,Wheat/faba bean,5.46,2.21,4.4,0.28,0.93
320,Wheat/faba bean,3.93,1.73,3.77,0.38,1.18
321,Wheat/faba bean,3.93,1.73,4.2,0.28,1.23
322,Maize/soybean,4.19,8.43,0.45,6.25,0.85
323,Maize/soybean,4.4,8.43,0.63,5.99,0.85
324,Maize/soybean,4.35,8.16,0.67,5.81,0.87
325,Maize/soybean,5.12,8.52,0.71,6.33,0.88
326,Maize/soybean,3.9,8.52,0.76,6.36,0.94
327,Maize/faba bean,1.57,8.16,0.28,6.23,0.94
328,Maize/soybean,3.73,8.16,0.79,6.25,0.98
329,Maize/faba bean,1.53,8.52,0.55,5.55,1.01
330,Maize/faba bean,1.9,8.43,0.75,6.2,1.13
331,Maize/faba bean,2.12,8.16,1.21,5.55,1.25
332,Maize/faba bean,2.18,8.52,1.49,5.65,1.35
333,Maize/faba bean,2.38,8.43,1.55,5.94,1.36
334,Maize/soybean,4.12,11.3,0.95,7.7,0.91
335,Maize/soybean,4.22,9.97,0.95,7.36,0.96
336,Maize/soybean,4.24,9.96,0.95,7.37,0.96
337,Maize/soybean,4.26,10.48,0.77,8.74,1.01
338,Maize/soybean,4.27,10.17,0.77,8.71,1.04
339,Maize/faba bean,2.9,9.96,1.29,6.22,1.07
340,Maize/soybean,3.3,10.47,0.91,8.61,1.1
341,Maize/soybean,3.64,10.05,0.66,9.57,1.13
342,Maize/faba bean,3.57,11.3,1.87,7.18,1.16
343,Maize/soybean,2.6,11.56,1.51,7.01,1.19
344,Maize/soybean,2.17,12.39,1.28,7.5,1.2
345,Maize/soybean,3.21,8.37,0.8,8.47,1.26
346,Maize/faba bean,3.57,10.47,1.93,7.08,1.22
347,Maize/faba bean,3.48,10.17,1.88,7.08,1.24
348,Maize/faba bean,3.48,10.05,2.22,7.18,1.35
349,Maize/faba bean,2.9,8.37,1.68,7.46,1.47
350,Maize/soybean,2.95,8.42,1.21,7.94,1.35
351,Maize/soybean,2.95,6.13,1.22,6.75,1.51
352,Maize/soybean,2.56,8.69,0.83,8.7,1.32
353,Maize/soybean,2.56,7.55,0.92,7.6,1.37
354,Maize/mung bean,2.25,10.48,1.5,5.06,1.15
355,Maize/mung bean,2.25,10.48,1.5,6.19,1.26
356,Maize/mung bean,2.25,10.48,1.55,6.68,1.33
357,Maize/pea,2.46,13.74,1.92,9.82,1.5
358,Maize/pea,2.74,11.41,2.14,9.0,1.57
359,Maize/pea,2.65,13.74,1.99,10.26,1.5
360,Maize/pea,2.34,13.21,1.85,9.81,1.53
361,Maize/pea,2.37,12.28,1.97,9.25,1.59
362,Maize/pea,2.58,12.28,2.08,9.6,1.59
363,Maize/pea,2.51,7.53,1.98,8.2,1.88
364,Maize/pea,2.61,7.53,2.06,8.39,1.9
365,Maize/pea,2.11,13.21,1.88,9.64,1.62
366,Maize/pea,2.27,11.41,2.11,8.87,1.7
367,Maize/pea,1.9,13.61,1.44,10.06,1.5
368,Maize/pea,2.11,7.24,1.68,7.77,1.87
369,Maize/pea,2.44,14.39,1.79,10.83,1.49
370,Maize/pea,2.56,11.22,1.95,9.4,1.6
371,Maize/pea,2.16,14.39,1.73,10.21,1.51
372,Maize/pea,2.35,7.24,1.8,8.14,1.89
373,Maize/pea,2.11,13.61,1.69,10.44,1.57
374,Maize/pea,2.13,11.93,1.78,9.7,1.65
375,Maize/pea,2.33,11.93,1.88,9.96,1.64
376,Maize/pea,2.05,11.22,1.9,9.21,1.75
377,Maize/pea,5.3,12.19,2.83,7.8,1.17
378,Maize/pea,5.36,12.79,3.04,8.28,1.21
379,Maize/pea,5.41,12.88,3.08,8.32,1.22
380,Maize/pea,5.3,12.19,3.16,9.08,1.34
381,Maize/pea,5.3,12.19,3.25,9.09,1.36
382,Maize/pea,5.36,12.79,3.34,9.51,1.37
383,Maize/pea,5.41,12.88,3.37,9.56,1.36
384,Maize/pea,5.36,12.79,3.46,9.64,1.4
385,Maize/pea,5.41,12.88,3.54,9.83,1.42
386,Maize/peanut,4.11,8.28,0.6,7.09,1.0
387,Maize/peanut,4.11,8.28,0.78,7.18,1.06
388,Maize/peanut,4.11,8.28,0.9,7.02,1.07
389,Maize/peanut,4.11,8.28,0.5,7.85,1.07
390,Maize/peanut,4.11,8.28,0.98,7.17,1.1
391,Maize/peanut,4.11,8.28,1.97,5.28,1.12
392,Maize/peanut,4.11,8.28,1.08,7.38,1.15
393,Maize/peanut,4.11,8.28,1.53,7.45,1.27
394,Maize/soybean,12.54,2.54,7.37,1.08,1.01
395,Maize/soybean,12.54,2.68,6.26,1.43,1.03
396,Maize/soybean,12.54,2.54,6.4,1.37,1.05
397,Maize/soybean,12.54,2.68,7.78,1.36,1.13
398,Maize/soybean,12.47,2.68,6.8,1.76,1.2
399,Maize/soybean,12.47,2.68,9.88,1.1,1.2
400,Maize/soybean,12.47,2.54,10.03,1.02,1.21
401,Maize/soybean,12.47,2.54,7.37,1.76,1.28
402,Maize/adzuki bean,1.89,14.07,1.22,10.38,1.38
403,Maize/wheat,4.7,9.0,2.62,5.89,1.21
404,Maize/wheat,5.04,9.84,2.97,6.56,1.26
405,Maize/wheat,4.79,9.42,2.93,6.24,1.27
406,Maize/wheat,4.82,9.92,3.08,6.9,1.33
407,Maize/wheat,5.62,10.25,3.4,7.09,1.3
408,Maize/wheat,5.71,10.48,3.67,7.42,1.35
409,Maize/wheat,5.98,11.19,3.98,7.94,1.38
410,Maize/wheat,6.86,13.3,5.19,10.97,1.58
411,Maize/wheat,6.7,13.05,5.43,10.4,1.61
412,Maize/wheat,6.5,12.09,5.2,10.37,1.66
413,Maize/wheat,6.5,12.09,4.77,10.17,1.58
414,Maize/wheat,6.86,13.3,4.69,11.38,1.54
415,Maize/wheat,6.7,13.05,4.99,10.62,1.56
416,Maize/pea,2.98,13.12,1.24,10.11,1.19
417,Maize/wheat,6.61,11.01,3.92,6.26,1.16
418,Maize/wheat,6.61,11.01,4.66,5.94,1.24
419,Maize/wheat,6.61,11.01,4.66,6.05,1.25
420,Maize/wheat,6.61,11.01,4.89,5.73,1.26
421,Maize/wheat,6.01,8.44,3.36,5.42,1.2
422,Maize/wheat,6.01,8.44,4.11,5.98,1.39
423,Maize/wheat,6.01,8.44,4.36,6.23,1.46
424,Maize/faba bean,6.95,13.31,2.41,10.94,1.17
425,Maize/wheat,4.82,13.31,3.42,8.02,1.31
426,Barley/pea,4.12,4.56,3.4,1.39,1.13
427,Barley/pea,5.5,3.57,4.6,0.81,1.06
428,Barley/pea,3.55,4.37,2.75,2.34,1.31
429,Barley/pea,4.67,4.56,4.41,0.78,1.12
430,Barley/pea,4.73,7.14,3.49,3.09,1.17
431,Barley/pea,6.15,7.67,4.66,2.0,1.02
432,Barley/pea,3.32,6.59,1.85,3.76,1.13
433,Barley/pea,5.79,6.61,4.01,2.06,1.0
434,Barley/pea,3.93,2.63,3.97,0.6,1.24
435,Wheat/faba bean,3.67,3.73,0.88,2.91,1.02
436,Wheat/faba bean,3.67,3.73,1.28,3.43,1.27
437,Wheat/faba bean,3.67,3.73,2.02,1.98,1.08
438,Wheat/faba bean,3.67,3.73,1.14,2.8,1.06
439,Wheat/faba bean,3.67,3.73,1.58,3.06,1.25
440,Wheat/faba bean,3.67,3.73,2.31,1.19,0.95
441,Wheat/faba bean,3.67,3.73,2.42,1.87,1.16
442,Wheat/faba bean,3.67,3.73,2.06,2.72,1.29
443,Wheat/faba bean,3.67,3.73,2.2,2.5,1.27
444,Wheat/faba bean,3.67,3.73,2.53,1.04,0.97
445,Wheat/faba bean,3.67,3.73,2.28,1.98,1.15
446,Wheat/faba bean,3.67,3.73,2.2,2.39,1.24
447,Wheat/faba bean,3.67,3.73,1.5,2.8,1.16
448,Barley/pea,2.68,4.61,2.08,1.96,1.2
449,Barley/pea,4.48,5.6,3.57,2.2,1.19
450,Barley/pea,5.79,5.24,4.36,1.51,1.04
451,Barley/pea,3.59,6.01,2.88,2.19,1.17
452,Barley/pea,5.85,5.85,4.9,1.11,1.03
453,Barley/pea,2.1,3.94,1.38,1.69,1.09
454,Rape/pea,1.12,3.94,0.88,2.06,1.31
455,Barley/rape,2.1,1.12,2.06,0.36,1.3
456,Barley/pea,2.87,3.88,2.06,1.01,0.98
457,Rape/pea,1.57,3.88,1.25,1.53,1.19
458,Barley/rape,2.87,1.57,2.07,0.34,0.94
459,Wheat/chickpea,2.78,0.88,2.13,0.49,1.32
460,Wheat/chickpea,2.48,0.96,1.94,0.52,1.32
461,Wheat/chickpea,3.06,1.25,2.65,0.77,1.48
462,Wheat/chickpea,2.68,1.31,2.43,0.83,1.54
463,Wheat/chickpea,1.58,0.62,1.44,0.31,1.4
464,Wheat/chickpea,1.7,0.72,1.52,0.31,1.33
465,Wheat/chickpea,2.01,0.84,1.83,0.52,1.53
466,Wheat/chickpea,2.25,1.02,2.15,0.58,1.52
467,Wheat/chickpea,2.66,0.94,2.05,0.44,1.23
468,Wheat/chickpea,2.49,1.14,2.13,0.51,1.3
469,Wheat/chickpea,3.23,1.44,2.91,0.76,1.43
470,Wheat/chickpea,3.02,1.74,2.77,0.97,1.47
471,Wheat/chickpea,2.53,0.78,2.14,0.3,1.24
472,Wheat/chickpea,2.33,0.94,2.04,0.36,1.25
473,Wheat/chickpea,3.11,1.24,2.56,0.85,1.51
474,Wheat/chickpea,2.72,1.51,2.43,0.94,1.51
475,Wheat/chickpea,2.26,0.79,1.83,0.36,1.27
476,Wheat/chickpea,2.71,0.98,1.85,0.44,1.13
477,Wheat/chickpea,3.1,1.13,2.71,0.7,1.49
478,Wheat/chickpea,2.69,1.42,2.44,1.12,1.7
479,Barley/pea,3.9,6.2,1.3,3.4,0.88
480,Barley/pea,3.8,4.15,2.0,4.3,1.56
481,Barley/pea,5.3,3.6,4.5,2.1,1.43
482,Barley/faba bean,2.4,2.52,2.24,0.31,1.06
483,Barley/faba bean,2.4,2.52,2.04,0.58,1.08
484,Barley/faba bean,2.4,2.52,2.04,0.95,1.23
485,Barley/faba bean,2.4,2.52,1.83,1.02,1.17
486,Barley/faba bean,2.4,2.52,1.76,1.2,1.21
487,Barley/pea,4.39,4.76,3.0,1.95,1.09
488,Barley/pea,4.39,4.76,1.3,3.53,1.04
489,Pearl millet/peanut,2.23,1.19,1.23,0.84,1.26
490,Maize/peanut,2.72,2.99,2.55,1.39,1.4
491,Mustard/pea,2.48,1.28,2.48,0.14,1.11
492,Mustard/pea,2.49,1.38,2.31,0.12,1.01
493,Mustard/pea,2.29,1.34,2.45,0.14,1.17
494,Mustard/pea,2.32,1.75,2.08,0.17,0.99
495,Mustard/pea,5.57,1.21,4.35,0.58,1.26
496,Mustard/pea,5.85,1.19,4.54,0.64,1.31
497,Mustard/pea,5.39,1.29,4.62,0.52,1.26
498,Mustard/pea,5.75,1.41,4.41,0.51,1.13
499,Mustard/pea,0.65,1.21,0.36,0.66,1.1
500,Mustard/lentil,0.65,0.81,0.39,0.47,1.18
501,Mustard/chickpea,0.65,0.72,0.38,0.31,1.02
502,Mustard/pea,0.65,1.21,0.49,0.5,1.17
503,Mustard/lentil,0.65,0.81,0.53,0.29,1.17
504,Mustard/chickpea,0.65,0.72,0.46,0.21,1.0
505,Mustard/pea,0.77,1.06,0.47,0.57,1.15
506,Mustard/lentil,0.77,0.83,0.51,0.49,1.25
507,Mustard/chickpea,0.77,0.74,0.49,0.33,1.08
508,Mustard/pea,0.77,1.06,0.52,0.51,1.16
509,Mustard/lentil,0.77,0.83,0.61,0.32,1.18
510,Mustard/chickpea,0.77,0.74,0.51,0.24,0.99
511,Wheat/faba bean,4.59,3.67,0.89,3.06,1.03
512,Wheat/faba bean,4.59,3.67,0.52,3.81,1.15
513,Wheat/faba bean,4.59,3.67,2.2,2.22,1.08
514,Wheat/faba bean,4.59,3.67,0.65,3.84,1.19
515,Wheat/faba bean,2.6,2.41,2.03,0.59,1.03
516,Wheat/faba bean,2.6,2.41,1.58,0.85,0.96
517,Wheat/faba bean,2.6,2.41,1.95,0.49,0.95
518,Wheat/faba bean,2.6,2.41,1.86,0.75,1.03
519,Wheat/faba bean,5.21,3.78,4.23,1.67,1.25
520,Wheat/faba bean,5.21,3.78,3.09,1.99,1.12
521,Wheat/faba bean,5.21,3.78,3.29,2.4,1.27
522,Wheat/faba bean,5.21,3.78,4.2,1.35,1.16
523,Wheat/faba bean,5.21,3.78,3.6,1.48,1.08
524,Wheat/faba bean,5.21,3.78,3.51,1.99,1.2
525,Wheat/faba bean,5.21,3.78,4.5,1.17,1.17
526,Wheat/faba bean,5.21,3.78,4.6,1.48,1.28
527,Wheat/faba bean,5.21,3.78,4.2,1.6,1.23
528,Wheat/faba bean,1.27,3.95,0.83,2.88,1.38
529,Wheat/faba bean,3.26,3.78,2.03,1.29,0.96
530,Wheat/faba bean,4.78,3.78,2.77,1.15,0.88
531,Sorghum/pigeon pea,0.6,3.08,0.49,1.69,1.37
532,Sorghum/pigeon pea,1.33,2.15,1.5,1.62,1.88
533,Sorghum/pigeon pea,3.46,2.3,3.03,1.56,1.55
534,Sorghum/pigeon pea,3.8,2.17,2.98,1.45,1.45
535,Maize/soybean,7.99,1.66,7.88,0.07,1.03
536,Maize/lupin,7.99,1.59,7.42,0.0,0.93
537,Maize/soybean,7.89,1.77,8.18,0.07,1.08
538,Maize/lupin,7.89,3.26,8.49,0.0,1.08
539,Maize/soybean,6.86,2.06,3.75,1.33,1.19
540,Maize/lupin,6.86,0.66,2.95,0.01,0.44
541,Maize/soybean,8.65,3.16,7.27,0.47,0.99
542,Maize/lupin,8.65,1.22,6.73,0.04,0.81
543,Maize/soybean,8.92,1.38,2.9,0.34,0.57
544,Maize/soybean,8.92,1.38,7.45,0.04,0.86
545,Maize/lupin,8.92,0.69,2.85,0.24,0.66
546,Maize/lupin,8.92,0.69,8.69,0.0,0.97
547,Maize/soybean,7.47,0.84,7.05,0.23,1.21
548,Maize/soybean,7.47,0.84,6.73,0.07,0.98
549,Maize/lupin,7.47,0.81,4.62,0.07,0.71
550,Maize/lupin,7.47,0.81,6.81,0.0,0.91
551,Maize/soybean,6.47,3.23,3.37,1.13,0.87
552,Maize/soybean,6.47,3.23,3.67,0.06,0.59
553,Maize/lupin,6.47,0.58,5.2,0.05,0.89
554,Maize/lupin,6.47,0.58,4.64,0.0,0.72
555,Maize/soybean,7.86,1.76,4.1,0.16,0.61
556,Maize/soybean,7.86,1.76,5.34,0.03,0.7
557,Maize/lupin,7.86,0.57,3.53,0.0,0.45
558,Maize/lupin,7.86,0.57,4.28,0.0,0.55
559,Barley/pea,3.39,4.9,1.0,3.55,1.02
560,Barley/faba bean,3.39,3.47,1.46,2.48,1.15
561,Barley/narrow-leafed lupin,3.39,4.16,1.89,1.48,0.91
562,Barley/pea,4.3,4.9,1.0,3.55,0.96
563,Barley/faba bean,4.3,3.47,1.46,2.48,1.05
564,Barley/narrow-leafed lupin,4.3,4.16,1.89,1.48,0.8
565,Barley/pea,2.11,2.68,1.57,0.74,1.02
566,Barley/faba bean,2.11,1.32,0.62,1.45,1.39
567,Barley/narrow-leafed lupin,2.11,2.69,1.56,0.64,0.98
568,Barley/pea,2.53,2.68,1.57,0.74,0.9
569,Barley/faba bean,2.53,1.32,0.62,1.45,1.34
570,Barley/narrow-leafed lupin,2.53,2.69,1.56,0.64,0.85
571,Maize/cowpea,1.19,3.88,0.77,1.87,1.13
572,Maize/cowpea,1.19,3.88,0.92,1.91,1.27
573,Maize/soybean,1.54,3.88,0.96,1.99,1.14
574,Maize/cowpea,0.91,4.15,0.6,1.88,1.11
575,Maize/cowpea,0.91,4.15,0.64,1.91,1.16
576,Maize/soybean,1.28,4.15,0.8,2.12,1.14
577,Maize/cowpea,0.9,4.97,0.48,2.59,1.05
578,Maize/cowpea,0.9,4.97,0.56,2.44,1.11
579,Maize/soybean,1.07,4.97,0.58,2.51,1.05
580,Maize/cowpea,0.88,2.83,0.63,1.31,1.18
581,Maize/cowpea,0.88,2.83,0.59,1.37,1.15
582,Maize/soybean,1.15,2.83,0.77,1.44,1.18
583,Oat/faba bean,5.1,3.48,4.68,0.48,1.05
584,Oat/faba bean,5.1,3.48,4.44,0.62,1.05
585,Durum wheat/lentil,1.69,0.82,1.62,0.04,1.0
586,Durum wheat/lentil,1.69,0.82,1.76,0.07,1.12
587,Durum wheat/winter pea,3.85,4.38,2.72,2.19,1.2
588,Durum wheat/winter pea,5.26,4.38,3.24,2.45,1.18
589,Durum wheat/winter pea,6.92,4.38,4.48,1.58,1.01
590,Durum wheat/winter pea,2.72,3.24,1.49,2.1,1.2
591,Durum wheat/winter pea,3.77,3.24,2.72,1.31,1.13
592,Durum wheat/winter pea,4.29,3.24,2.45,1.14,0.92
593,Durum wheat/winter pea,3.59,3.24,1.84,0.79,0.76
594,Wheat/chickpea,1.51,0.55,1.28,0.09,1.01
595,Wheat/chickpea,3.04,0.8,2.21,0.24,1.02
596,Wheat/chickpea,4.37,2.45,0.56,2.38,1.1
597,Wheat/chickpea,3.1,2.77,2.79,0.91,1.23
598,Maize/cowpea,5.07,1.57,5.46,1.01,1.72
599,Maize/cowpea,6.88,1.78,5.72,1.06,1.43
600,Maize/cowpea,8.74,1.57,7.03,0.76,1.29
601,Maize/cowpea,10.03,1.14,6.65,0.71,1.29
602,Maize/cowpea,5.81,1.57,5.01,0.79,1.37
603,Maize/cowpea,6.32,1.78,4.62,0.82,1.19
604,Maize/cowpea,7.07,1.57,6.78,0.72,1.42
605,Maize/cowpea,9.64,1.14,7.13,0.74,1.39
606,Pearl millet/peanut,2.85,1.24,1.43,0.89,1.22
607,Pearl millet/cowpea,1.38,0.6,1.06,0.35,1.35
608,Pearl millet/cowpea,1.38,0.6,1.26,0.2,1.25
609,Pearl millet/cowpea,1.38,0.6,1.32,0.07,1.07
610,Pearl millet/cowpea,1.38,0.93,1.04,0.49,1.28
611,Pearl millet/cowpea,1.38,0.93,1.21,0.24,1.13
612,Pearl millet/cowpea,1.38,0.93,1.31,0.08,1.04
613,Pearl millet/cowpea,1.1,0.4,0.98,0.15,1.27
614,Pearl millet/cowpea,1.1,0.4,0.61,0.18,1.0
615,Pearl millet/cowpea,1.1,0.4,0.88,0.12,1.1
616,Pearl millet/cowpea,1.1,0.59,0.57,0.19,0.84
617,Pearl millet/cowpea,1.1,0.59,0.74,0.12,0.88
618,Pearl millet/cowpea,1.1,0.59,0.81,0.1,0.91
619,Maize/mung bean,1.4,1.25,0.95,0.79,1.31
620,Maize/mung bean,2.46,1.25,1.97,0.75,1.4
621,Maize/mung bean,3.34,1.25,2.72,0.56,1.26
622,Maize/mung bean,3.46,1.25,3.24,0.54,1.37
623,Barley/lentil,2.44,2.27,1.65,1.42,1.3
624,Barley/lentil,4.29,2.67,3.03,0.7,0.97
625,Maize/cowpea,5.41,1.54,5.44,1.02,1.67
626,Maize/cowpea,6.83,1.78,5.79,1.06,1.44
627,Maize/cowpea,8.15,2.02,9.28,0.22,1.25
628,Maize/cowpea,8.15,2.02,8.45,0.65,1.36
629,Maize/cowpea,8.15,2.02,8.15,0.92,1.45
630,Maize/cowpea,2.02,8.15,1.22,6.58,1.41
631,Maize/cowpea,2.02,8.15,1.48,5.92,1.46
632,Maize/cowpea,8.15,2.02,5.62,0.77,1.07
633,Maize/cowpea,8.15,2.02,5.58,1.24,1.3
634,Maize/cowpea,8.15,2.02,5.87,1.59,1.51
635,Maize/cowpea,8.15,2.02,7.83,0.79,1.35
636,Maize/cowpea,8.15,2.02,7.08,1.07,1.4
637,Maize/cowpea,8.15,2.02,6.67,1.38,1.5
638,Maize/cowpea,8.15,2.02,8.98,0.71,1.45
639,Maize/cowpea,8.15,2.02,7.95,0.98,1.46
640,Maize/cowpea,8.15,2.02,7.1,1.29,1.51
641,Maize/cowpea,6.12,1.58,6.61,0.77,1.57
642,Maize/cowpea,7.69,1.58,6.97,0.78,1.4
643,Maize/cowpea,8.72,1.58,7.49,0.74,1.33
644,Maize/cowpea,9.73,1.58,7.97,0.66,1.23
645,Maize/cowpea,6.12,1.58,6.44,1.0,1.69
646,Maize/cowpea,7.69,1.58,6.86,1.03,1.54
647,Maize/cowpea,8.72,1.58,7.15,0.97,1.43
648,Maize/cowpea,9.73,1.58,7.55,0.79,1.28
649,Maize/cowpea,6.12,1.58,6.01,1.0,1.62
650,Maize/cowpea,7.69,1.58,6.31,1.06,1.49
651,Maize/cowpea,8.72,1.58,6.52,0.99,1.37
652,Maize/cowpea,9.73,1.58,6.96,0.83,1.24
653,Maize/cowpea,6.12,1.58,5.65,0.97,1.54
654,Maize/cowpea,7.69,1.58,6.2,1.1,1.5
655,Maize/cowpea,8.72,1.58,6.39,1.03,1.39
656,Maize/cowpea,9.73,1.58,6.58,0.82,1.19
657,Pearl millet/peanut,1.23,1.48,0.92,1.36,1.67
658,Pearl millet/peanut,1.81,0.21,0.8,0.2,1.39
659,Maize/common bean,4.94,0.56,3.18,0.1,0.83
660,Maize/common bean,4.94,0.56,4.6,0.06,1.05
661,Maize/common bean,6.16,0.56,2.95,0.1,0.66
662,Maize/common bean,6.16,0.56,5.51,0.05,0.98
663,Pearl millet/cowpea,0.89,1.55,0.87,0.38,1.22
664,Pearl millet/cowpea,0.87,1.55,1.04,0.36,1.43
665,Pearl millet/cowpea,1.03,1.55,1.14,0.59,1.49
666,Pearl millet/cowpea,0.89,0.43,1.21,0.15,1.71
667,Pearl millet/cowpea,0.87,0.43,0.98,0.06,1.27
668,Pearl millet/cowpea,1.03,0.43,1.15,0.2,1.58
669,Pearl millet/cowpea,0.89,0.32,0.75,0.31,1.81
670,Pearl millet/cowpea,0.87,0.32,1.07,0.17,1.76
671,Pearl millet/cowpea,1.03,0.32,1.08,0.22,1.74
672,Pearl millet/cowpea,1.07,1.45,0.85,0.66,1.25
673,Pearl millet/cowpea,1.13,1.45,0.87,0.88,1.38
674,Pearl millet/cowpea,1.2,1.45,0.88,0.66,1.19
675,Pearl millet/cowpea,1.07,0.57,1.21,0.25,1.57
676,Pearl millet/cowpea,1.13,0.57,0.86,0.27,1.23
677,Pearl millet/cowpea,1.2,0.57,1.02,0.16,1.13
678,Pearl millet/cowpea,0.9,1.23,0.83,0.46,1.3
679,Pearl millet/cowpea,0.93,1.23,0.78,0.46,1.21
680,Pearl millet/cowpea,0.77,1.23,0.81,0.35,1.34
681,Pearl millet/cowpea,0.9,0.69,1.03,0.19,1.42
682,Pearl millet/cowpea,0.93,0.69,0.98,0.18,1.31
683,Pearl millet/cowpea,0.77,0.69,0.79,0.13,1.21
684,Pearl millet/cowpea,0.9,0.27,0.68,0.17,1.39
685,Pearl millet/cowpea,0.93,0.27,0.86,0.18,1.59
686,Pearl millet/cowpea,0.77,0.27,0.91,0.13,1.66
687,Pigeon pea/peanut,1.49,0.97,0.14,1.04,1.16
688,Pigeon pea/peanut,1.49,0.97,0.41,0.81,1.11
689,Pigeon pea/peanut,1.49,0.97,0.68,0.67,1.14
690,Pigeon pea/peanut,1.49,0.97,0.82,0.62,1.19
691,Maize/common bean,6.3,0.84,5.81,0.59,1.62
692,Maize/peanut,6.3,0.84,6.15,0.42,1.47
693,Pigeon pea/soybean,2.39,1.42,2.29,0.5,1.32
694,Pigeon pea/soybean,2.39,1.42,2.28,0.91,1.6
695,Pigeon pea/soybean,2.39,1.42,2.44,0.83,1.61
696,Pigeon pea/soybean,1.89,2.02,1.18,1.58,1.4
697,Pigeon pea/soybean,1.89,2.02,0.88,1.67,1.29
698,Pigeon pea/soybean,1.89,2.02,1.05,1.22,1.16
699,Pigeon pea/soybean,2.2,1.98,1.87,0.99,1.35
700,Pigeon pea/soybean,2.2,1.98,2.0,1.04,1.43
701,Pigeon pea/soybean,2.2,1.98,1.99,1.05,1.43
702,Maize/mung bean,5.53,0.36,4.8,0.2,1.42
703,Maize/mung bean,5.53,0.36,5.59,0.13,1.36
704,Sesame/mung bean,0.66,0.66,0.43,0.34,1.17
705,Sesame/blackgram,0.66,0.7,0.42,0.34,1.13
706,Sesame/peanut,0.66,0.93,0.44,0.5,1.2
707,Sesame/sunflower,0.66,1.04,0.42,0.4,1.02
708,Sesame/mung bean,0.66,0.66,0.46,0.36,1.25
709,Sesame/blackgram,0.66,0.7,0.45,0.35,1.19
710,Sesame/peanut,0.66,0.93,0.49,0.54,1.32
711,Sesame/sunflower,0.66,1.04,0.44,0.4,1.05
712,Sesame/mung bean,0.67,0.67,0.44,0.35,1.18
713,Sesame/blackgram,0.67,0.7,0.43,0.34,1.12
714,Sesame/peanut,0.67,0.94,0.44,0.49,1.17
715,Sesame/sunflower,0.67,1.07,0.41,0.4,0.99
716,Sesame/mung bean,0.67,0.67,0.47,0.38,1.27
717,Sesame/blackgram,0.67,0.7,0.46,0.35,1.17
718,Sesame/peanut,0.67,0.94,0.5,0.54,1.31
719,Sesame/sunflower,0.67,1.07,0.43,0.41,1.02
720,Sorghum/pigeon pea,3.54,1.23,2.84,0.82,1.47
721,Maize/peanut,2.9,1.17,1.51,0.79,1.19
722,Maize/peanut,2.9,1.17,1.21,0.73,1.04
723,Maize/peanut,2.9,1.17,2.32,0.6,1.31
724,Maize/peanut,2.9,1.17,2.9,0.27,1.23
725,Maize/peanut,3.35,1.27,1.65,0.76,1.09
726,Maize/peanut,3.35,1.27,1.52,0.72,1.02
727,Maize/peanut,3.35,1.27,2.64,0.53,1.21
728,Maize/peanut,3.35,1.27,2.69,0.25,1.0
729,Maize/peanut,3.4,1.23,2.0,0.82,1.25
730,Maize/peanut,3.4,1.23,2.14,0.65,1.15
731,Maize/peanut,3.4,1.23,2.58,0.69,1.32
732,Maize/peanut,3.4,1.23,3.16,0.33,1.2
733,Maize/peanut,3.9,1.22,2.18,0.79,1.21
734,Maize/peanut,3.9,1.22,2.27,0.64,1.11
735,Maize/peanut,3.9,1.22,3.31,0.62,1.36
736,Maize/peanut,3.9,1.22,3.4,0.28,1.1
737,Durum wheat/lentil,1.09,0.84,0.29,0.27,0.59
738,Durum wheat/lentil,1.09,0.84,0.48,0.23,0.71
739,Durum wheat/lentil,1.09,0.84,0.86,0.2,1.03
740,Durum wheat/lentil,2.23,0.84,0.6,0.34,0.68
741,Durum wheat/lentil,2.23,0.84,0.84,0.17,0.58
742,Durum wheat/lentil,2.23,0.84,1.17,0.15,0.7
743,Durum wheat/lentil,2.12,0.57,0.63,0.37,0.95
744,Durum wheat/lentil,2.12,0.57,1.07,0.32,1.06
745,Durum wheat/lentil,2.12,0.57,1.12,0.2,0.88
746,Durum wheat/lentil,1.99,0.57,0.68,0.28,0.84
747,Durum wheat/lentil,1.99,0.57,0.7,0.27,0.83
748,Durum wheat/lentil,1.99,0.57,1.28,0.22,1.03
749,Maize/common bean,0.89,2.25,0.66,0.69,1.05
750,Maize/common bean,1.02,2.25,1.09,0.62,1.35
751,Maize/common bean,1.04,2.25,0.96,0.67,1.21
752,Maize/common bean,0.89,2.25,0.88,0.98,1.42
753,Maize/common bean,1.02,2.25,1.12,0.95,1.53
754,Maize/common bean,1.04,2.25,0.84,0.97,1.24
755,Maize/common bean,0.89,2.25,0.52,1.21,1.13
756,Maize/common bean,1.02,2.25,0.86,1.4,1.47
757,Maize/common bean,1.04,2.25,0.74,1.59,1.42
758,Barley/pea,2.64,1.4,2.21,0.49,1.19
759,Barley/pea,2.64,1.4,2.4,0.4,1.19
760,Pigeon pea/peanut,0.85,0.51,0.57,0.11,0.88
761,Pigeon pea/peanut,0.85,0.51,0.5,0.18,0.93
762,Pigeon pea/peanut,0.85,0.51,0.44,0.22,0.94
763,Pigeon pea/peanut,0.85,0.51,0.43,0.34,1.17
764,Pigeon pea/peanut,0.85,0.51,0.36,0.42,1.25
765,Pigeon pea/peanut,0.85,0.51,0.46,0.13,0.8
766,Pigeon pea/peanut,0.85,0.51,0.44,0.15,0.8
767,Pigeon pea/peanut,0.85,0.51,0.39,0.21,0.87
768,Pigeon pea/peanut,0.85,0.51,0.34,0.33,1.05
769,Wheat/barley,4.43,4.81,0.97,4.19,1.09
770,Wheat/rape,4.43,1.54,4.99,0.06,1.16
771,Wheat/pea,4.43,3.4,4.39,0.32,1.08
772,Wheat/barley,2.57,2.87,0.67,2.47,1.12
773,Wheat/rape,2.57,0.24,2.06,0.02,0.89
774,Wheat/pea,2.57,0.16,2.27,0.02,1.01
775,Wheat/barley,2.07,2.66,0.79,1.58,0.98
776,Wheat/rape,2.07,0.21,1.38,0.04,0.87
777,Wheat/pea,2.07,0.11,1.37,0.09,1.47
778,Wheat/faba bean,3.8,1.82,3.6,0.14,1.02
779,Wheat/faba bean,3.8,1.82,3.39,0.35,1.09
780,Wheat/faba bean,3.8,1.82,3.48,0.55,1.22
781,Wheat/faba bean,3.8,1.82,3.2,0.57,1.16
782,Wheat/faba bean,3.8,1.82,3.04,0.67,1.17
783,Pigeon pea/soybean,2.08,1.75,1.28,1.66,1.56
784,Pigeon pea/soybean,2.08,1.75,1.04,1.63,1.43
785,Oat/pea,5.59,4.61,2.19,2.56,0.95
786,Oat/pea,5.59,4.61,2.98,1.85,0.93
787,Oat/pea,5.87,3.58,1.45,2.78,1.02
788,Oat/pea,5.87,3.58,2.46,2.16,1.02
789,Oat/pea,5.95,1.68,2.14,1.17,1.06
790,Oat/pea,5.95,1.68,3.0,0.92,1.05
791,Oat/pea,5.59,5.51,1.12,4.31,0.98
792,Oat/pea,5.59,5.51,1.99,3.17,0.93
793,Oat/pea,3.69,2.07,0.68,1.64,0.98
794,Oat/pea,3.69,2.07,1.07,1.48,1.01
795,Oat/pea,6.57,3.41,1.33,2.75,1.01
796,Oat/pea,6.57,3.41,2.16,2.32,1.01
797,Oat/pea,7.43,5.35,1.69,4.04,0.98
798,Oat/pea,7.43,5.35,3.33,2.86,0.98
799,Oat/pea,7.01,2.7,3.0,1.85,1.11
800,Oat/pea,7.01,2.7,4.32,1.17,1.05
801,Oat/pea,4.24,2.81,0.63,2.68,1.1
802,Oat/pea,4.24,2.81,1.29,2.46,1.18
803,Sorghum/cowpea,0.56,0.39,0.22,0.14,0.74
804,Sorghum/cowpea,0.56,0.39,0.05,0.26,0.76
805,Sorghum/cowpea,0.56,0.39,0.06,0.32,0.92
806,Sorghum/cowpea,0.21,0.24,0.11,0.13,1.07
807,Sorghum/cowpea,0.21,0.24,0.03,0.19,0.95
808,Sorghum/cowpea,0.21,0.24,0.02,0.18,0.88
809,Sorghum/cowpea,0.59,0.25,0.33,0.07,0.85
810,Sorghum/cowpea,0.59,0.25,0.38,0.1,1.04
811,Sorghum/cowpea,0.59,0.25,0.22,0.08,0.68
812,Maize/cowpea,4.28,0.94,3.19,0.49,1.27
813,Maize/soybean,4.28,3.32,2.77,1.77,1.18
814,Maize/cowpea,11.23,4.29,9.68,1.91,1.31
815,Maize/soybean,11.23,3.62,6.07,1.96,1.08
816,Maize/cowpea,6.9,0.87,6.01,0.26,1.17
817,Maize/cowpea,6.9,0.87,5.18,0.43,1.24
818,Maize/cowpea,6.9,0.87,3.2,0.6,1.15
819,Maize/cowpea,6.9,0.87,6.63,0.17,1.16
820,Maize/cowpea,6.9,0.87,6.13,0.25,1.18
821,Maize/cowpea,6.9,0.87,3.3,0.44,0.98
822,Maize/cowpea,5.88,1.04,5.99,0.32,1.33
823,Maize/cowpea,5.88,1.04,5.09,0.39,1.24
824,Maize/cowpea,5.88,1.04,2.59,0.69,1.11
825,Maize/cowpea,5.88,1.04,5.87,0.26,1.25
826,Maize/cowpea,5.88,1.04,5.1,0.35,1.2
827,Maize/cowpea,5.88,1.04,3.32,0.54,1.08
828,Maize/cowpea,7.08,1.07,6.67,0.23,1.15
829,Maize/cowpea,7.08,1.07,5.24,0.39,1.11
830,Maize/cowpea,7.08,1.07,3.32,0.62,1.05
831,Maize/cowpea,7.08,1.07,7.1,0.18,1.17
832,Maize/cowpea,7.08,1.07,6.42,0.26,1.15
833,Maize/cowpea,7.08,1.07,4.69,0.38,1.02
834,Oat/pea,3.4,3.2,2.1,1.8,1.18
835,Oat/pea,5.4,4.0,3.7,1.8,1.14
836,Maize/common bean,2.94,2.58,2.83,0.73,1.25
837,Maize/common bean,12.05,4.26,10.15,1.1,1.1
838,Maize/common bean,13.15,4.58,9.69,1.61,1.09
839,Maize/common bean,3.69,4.71,3.07,1.38,1.12
840,Rice/mungbean,1.8,0.8,1.4,0.8,1.78
841,Rice/mungbean,2.3,1.7,2.0,1.0,1.46
842,Wheat/pea,4.65,4.23,3.77,0.72,0.98
843,Barley/pea,3.3,4.23,3.3,0.65,1.15
844,Oat/pea,3.24,4.23,2.38,0.63,0.88
845,Triticale/pea,3.37,4.23,2.73,0.84,1.01
846,Wheat/pea,2.21,2.34,1.58,0.56,0.95
847,Barley/pea,2.11,2.34,1.07,0.78,0.84
848,Oat/pea,2.92,2.34,1.86,0.51,0.86
849,Triticale/pea,2.34,2.34,1.68,0.41,0.89
850,Wheat/pea,2.15,2.24,1.85,0.37,1.03
851,Barley/pea,2.33,2.24,2.18,0.26,1.05
852,Oat/pea,2.53,2.24,2.09,0.19,0.91
853,Triticale/pea,2.04,2.24,2.24,0.31,1.24
854,Wheat/pea,3.77,3.84,3.44,1.04,1.18
855,Barley/pea,4.23,3.84,3.38,0.39,0.9
856,Oat/pea,4.69,3.84,4.15,0.22,0.94
857,Triticale/pea,4.51,3.84,2.78,0.97,0.87
858,Wheat/pea,3.63,1.96,2.02,0.38,0.75
859,Barley/pea,3.09,1.96,2.31,0.38,0.94
860,Oat/pea,3.9,1.96,4.1,0.38,1.24
861,Triticale/pea,2.98,1.96,1.96,0.97,1.15
862,Wheat/pea,3.09,2.92,2.14,0.95,1.02
863,Barley/pea,2.47,2.92,2.03,0.78,1.09
864,Oat/pea,3.13,2.92,2.88,0.58,1.12
865,Triticale/pea,2.13,2.92,0.71,1.8,0.95
866,Wheat/pea,3.07,2.86,2.29,0.81,1.03
867,Barley/pea,2.2,2.86,1.84,1.05,1.2
868,Oat/pea,4.1,2.86,4.22,0.56,1.22
869,Wheat/pea,1.37,0.75,0.93,0.36,1.16
870,Barley/pea,0.72,0.75,0.55,0.47,1.39
871,Triticale/pea,1.27,0.75,1.17,0.25,1.25
872,Wheat/pea,1.68,2.0,1.29,0.57,1.05
873,Oat/pea,1.57,2.0,2.03,0.42,1.5
874,Triticale/pea,1.61,2.0,1.25,0.42,0.99
875,Wheat/pea,1.98,1.57,1.63,0.31,1.02
876,Barley/pea,1.38,1.57,1.18,0.33,1.07
877,Oat/pea,2.46,1.57,1.76,0.35,0.94
878,Triticale/pea,2.33,1.57,1.71,0.38,0.97
879,Wheat/pea,0.77,0.78,0.95,0.16,1.44
880,Oat/pea,2.16,0.78,1.56,0.29,1.09
881,Triticale/pea,1.68,0.78,0.89,0.17,0.75
882,Barley/lentil,1.88,0.76,1.52,0.26,1.14
883,Barley/flax,1.88,0.65,1.47,0.17,1.05
884,Barley/lentil,1.65,0.63,1.3,0.19,1.08
885,Barley/flax,1.65,0.5,1.21,0.16,1.04
886,Maize/common bean,2.61,1.46,2.32,0.26,1.07
887,Maize/common bean,2.61,1.46,2.34,0.28,1.09
888,Maize/common bean,2.61,1.46,1.98,0.32,0.98
889,Maize/common bean,2.61,1.46,1.97,0.63,1.19
890,Maize/common bean,2.61,1.46,2.54,0.46,1.29
891,Maize/common bean,2.61,1.46,1.61,0.61,1.03
892,Maize/common bean,5.35,0.39,4.23,0.16,1.21
893,Maize/common bean,5.35,0.39,4.59,0.14,1.21
894,Maize/common bean,5.35,0.39,3.52,0.12,0.97
895,Maize/common bean,5.35,0.39,4.65,0.17,1.31
896,Maize/common bean,5.35,0.39,3.88,0.24,1.35
897,Maize/common bean,5.35,0.39,3.92,0.21,1.29
898,Maize/common bean,5.35,0.39,2.67,0.22,1.07
899,Maize/common bean,5.35,0.39,3.42,0.26,1.3
900,Maize/common bean,5.35,0.39,3.03,0.32,1.39
901,Maize/common bean,5.35,0.39,3.16,0.23,1.19
902,Maize/common bean,5.35,0.39,2.94,0.21,1.09
903,Maize/common bean,5.35,0.39,3.0,0.26,1.23
904,Mustard/chickpea,2.37,1.67,1.24,0.86,1.04
905,Mustard/chickpea,2.37,1.67,1.37,0.81,1.06
906,Mustard/chickpea,2.37,1.67,1.46,0.77,1.08
907,Mustard/chickpea,2.37,1.67,1.48,0.74,1.07
908,Maize/common bean,8.16,4.23,8.0,0.41,1.08
909,Maize/common bean,8.87,4.41,8.56,0.44,1.06
910,Maize/soybean,1.83,3.05,0.77,2.67,1.3
911,Maize/soybean,2.49,3.33,1.2,2.54,1.25
912,Maize/soybean,3.55,3.42,1.82,2.59,1.27
913,Maize/soybean,1.83,2.97,0.95,2.57,1.38
914,Maize/soybean,2.49,3.18,1.62,2.51,1.44
915,Maize/soybean,3.55,3.43,2.53,2.48,1.44
916,Maize/soybean,1.83,3.05,0.76,2.63,1.28
917,Maize/soybean,2.49,3.33,1.99,2.43,1.53
918,Maize/soybean,3.55,3.42,2.73,2.37,1.46
919,Maize/soybean,1.83,2.97,0.8,2.44,1.26
920,Maize/soybean,2.49,3.18,1.58,2.5,1.42
921,Maize/soybean,3.55,3.43,2.36,2.31,1.34
922,Maize/soybean,1.36,2.68,1.12,2.03,1.57
923,Maize/soybean,1.82,2.6,1.24,2.16,1.51
924,Maize/soybean,2.4,2.86,1.47,2.02,1.32
925,Maize/soybean,1.36,0.5,1.29,0.47,1.89
926,Maize/soybean,1.82,0.61,1.34,0.57,1.67
927,Maize/soybean,2.4,0.87,1.96,0.55,1.44
928,Maize/soybean,1.36,2.68,1.05,2.26,1.61
929,Maize/soybean,1.82,2.6,1.73,2.17,1.79
930,Maize/soybean,2.4,2.86,2.32,2.02,1.67
931,Maize/soybean,1.36,0.5,1.12,0.52,1.85
932,Maize/soybean,1.82,0.61,1.38,0.51,1.6
933,Maize/soybean,2.4,0.87,2.4,0.59,1.67
